{
    "stage": [
        [
            0.03981481481,
            0.07037037037,
            0.44835,
            0.49157
        ],
        [
            "../Templates/dm-1/1080p/stage1.png",
            "../Templates/dm-1/1080p/stage2.png"
        ],
        0.7,
        [
            1
        ]
    ],
    "unit": [
        [
            0.01851851851,
            0.03888888888,
            0.64129849137931,
            0.64390265797
        ],
        [
            "../Templates/dm-1/1080p/kmh.png"
        ],
        0.85,
        [
            1
        ]
    ],
    "anchor": [
        null,
        [
            "../Templates/dm-1/1080p/anchor.png"
        ],
        0.7,
        []
    ],
    "sign": [
        [
            0,
            0.04,
            0.015625,
            0.0328125
        ],
        [
            "../Templates/dm-1/1080p/plus.png"
        ],
        0.7,
        [
            1
        ]
    ],
    "velocity": [
        [
            -0.02,
            0.02407407407,
            0.34,
            0.42083333333
        ],
        [
            "../Templates/dm-1/1080p/0.png",
            "../Templates/dm-1/1080p/1.png",
            "../Templates/dm-1/1080p/2.png",
            "../Templates/dm-1/1080p/3.png",
            "../Templates/dm-1/1080p/4.png",
            "../Templates/dm-1/1080p/5.png",
            "../Templates/dm-1/1080p/6.png",
            "../Templates/dm-1/1080p/7.png",
            "../Templates/dm-1/1080p/8.png",
            "../Templates/dm-1/1080p/9.png"
        ],
        0.75,
        [
            1,2,3,4,5
        ]
    ],
    "altitude": [
        [
            -0.02037037037,
            0.02592592592,
            0.47233333332224,
            0.52441666665224
        ],
        [
            "../Templates/dm-1/1080p/0.png",
            "../Templates/dm-1/1080p/1.png",
            "../Templates/dm-1/1080p/2.png",
            "../Templates/dm-1/1080p/3.png",
            "../Templates/dm-1/1080p/4.png",
            "../Templates/dm-1/1080p/5.png",
            "../Templates/dm-1/1080p/6.png",
            "../Templates/dm-1/1080p/7.png",
            "../Templates/dm-1/1080p/8.png",
            "../Templates/dm-1/1080p/9.png"
        ],
        0.75,
        [
            1,2,3,4
        ]
    ],
    "time": [
        [
            0,
            0.04722222222,
            0.0328125,
            0.146875
        ],
        [
            "../Templates/dm-1/1080p/0.png",
            "../Templates/dm-1/1080p/1.png",
            "../Templates/dm-1/1080p/2.png",
            "../Templates/dm-1/1080p/3.png",
            "../Templates/dm-1/1080p/4.png",
            "../Templates/dm-1/1080p/5.png",
            "../Templates/dm-1/1080p/6.png",
            "../Templates/dm-1/1080p/7.png",
            "../Templates/dm-1/1080p/8.png",
            "../Templates/dm-1/1080p/9.png"
        ],
        0.75,
        [
            6
        ]
    ]
}